BAC009S0150W0141,"要走到一点五倍的可能性几乎不存在
"
BAC009S0150W0328,"没有人会预料到当时持质疑态度的汽车公司
"
BAC009S0150W0100,"一三零零二五九八四八二
"
BAC009S0150W0320,"购买汽车并不一定是更好的解决问题的办法
"
BAC009S0150W0498,"O X P
"
BAC009S0150W0199,"在发放渠道中也容易出现流失
"
BAC009S0150W0344,"希望政府和组委会铆劲挽回筹备迟到的局面
"
BAC009S0150W0006,"哈根达斯
"
BAC009S0150W0309,"汽车公司将在其中扮演何种角色
"
BAC009S0150W0254,"印度科技人才对科技公司的选择也是十分挑剔
"
BAC009S0150W0414,"很认真地回答我很怕他喜欢玩水
"
BAC009S0150W0378,"为此给很多人带来了困扰
"
BAC009S0150W0482,"主管阻员工抽烟被威胁叫朋友助架反被刺伤
"
BAC009S0150W0335,"认为自动驾驶目前接近于技术炒作的高峰期
"
BAC009S0150W0386,"纷纷喊组委会应该全体下课
"
BAC009S0150W0206,"同时也是对特定行业的支持和国家产业安全的保障
"
BAC009S0150W0489,"涉事导游左某某已被吊销导游证
"
BAC009S0150W0009,"上海孙中山故居纪念馆
"
BAC009S0150W0023,"上海人家(黄浦店)
"
BAC009S0150W0419,"周杰伦和一众好友在健身房面前合影
"
BAC009S0150W0351,"要求国际奥委会停用
"
BAC009S0150W0311,"汽车公司仍拥有丰富的制造经验
"
BAC009S0150W0105,"一三二三四五三零四七九
"
BAC009S0150W0129,"百分之八十是危险临界点
"
BAC009S0150W0290,"三星又怎么能停下追随的脚步
"
BAC009S0150W0271,"其手机市场份额锐减
"
BAC009S0150W0423,"微博还透露周杰伦最近陪昆凌坐月子
"
BAC009S0150W0251,"将严格落实楼市调控政策
"
BAC009S0150W0135,"结合这个指标看中国目前的情况
"
BAC009S0150W0497,"E Y N
"
BAC009S0150W0441,"为工人付房租惹猜疑女子惨死于丈夫刀下
"
BAC009S0150W0350,"比利时某剧场指该设计酷似其商标
"
BAC009S0150W0241,"对落实房地产市场调控政策措施有偏差不到位的
"
BAC009S0150W0185,"中原地产集团实际成交数据显示
"
BAC009S0150W0128,"新房名义市值对居民最大购买力占用比例
"
BAC009S0150W0114,"精卫填海
"
BAC009S0150W0451,"荣昌一男子干了一件得不偿失的事
"
BAC009S0150W0189,"在转移支付的具体方式上还有哪些其他选择
"
BAC009S0150W0494,"丽江两酒吧涉酒托被停业
"
BAC009S0150W0110,"一三七零二六六二零九七
"
BAC009S0150W0413,"却仍有三次溺水经验的他
"
BAC009S0150W0053,"想听歌曲红豆
"
BAC009S0150W0224,"只需要把存量的先解决好
"
BAC009S0150W0393,"后者接受日本媒体采访时表示
"
BAC009S0150W0178,"人口基本上是净流出的
"
BAC009S0150W0240,"住房用地供应和管理情况以及税收政策执行和征管情况
"
BAC009S0150W0228,"左小蕾还直言我们的资本市场要倍养浑水公司
"
BAC009S0150W0195,"但直接派发的对象如何确定
"
BAC009S0150W0089,"一三四七五二七四三零九
"
BAC009S0150W0258,"T C U B E大厦位于东京繁华的六本木地区
"
BAC009S0150W0190,"杨澄宇转移支付的方式有很多种
"
BAC009S0150W0282,"计划于九月率先登陆韩国和美国市场
"
BAC009S0150W0059,"想听歌曲你把爱情给了谁
"
BAC009S0150W0400,"超过半数的市民认为应该取消佐野的L O G O
"
BAC009S0150W0318,"更削弱了他们对汽车的需求
"
BAC009S0150W0329,"会如此迅速地加入到制造自动驾驶汽车的行列中
"
BAC009S0150W0466,"张女士给武隆上坎镇派出所民警打去电话
"
BAC009S0150W0426,"这位天王级音乐人揭晓
"
BAC009S0150W0493,"警方长时间劝说无效后
"
BAC009S0150W0205,"这不仅是对低收入群体的救助和对收入分配的调节
"
BAC009S0150W0349,"向奥组委申请撤回设计的标志
"
BAC009S0150W0103,"一三八五四九六四零六九
"
BAC009S0150W0369,"并马上支付了使用费
"
BAC009S0150W0034,"丁香夏朵花园
"
BAC009S0150W0001,"设定二十九度
"
BAC009S0150W0196,"又回到了刚才如何界定低收入人群的问题上来
"
BAC009S0150W0214,"新一轮新股发行体制改革启动以来
"
BAC009S0150W0037,"来一首歌曲星座恋人
"
BAC009S0150W0137,"中国现在处于绝对安全位置
"
BAC009S0150W0440,"清点出三百多斤硬币总共一点二万余元
"
BAC009S0150W0283,"这与其下一代舰航手机的发布时间一致
"
BAC009S0150W0172,"观察中国新增人口曲线会发现
"
BAC009S0150W0180,"支撑房地产的刚需在持续萎缩
"
BAC009S0150W0140,"未来十年即使这个指标往下走
"
BAC009S0150W0332,"它希望公司的产品在城市道路上实现安全的智能驾驶
"
BAC009S0150W0116,"精武陈真陈小春版
"
BAC009S0150W0074,"想听歌曲新贵妃醉酒
"
BAC009S0150W0188,"我们是否也能采取这种方式
"
BAC009S0150W0500,L D Q
BAC009S0150W0136,"首先从居民部门利息保障倍数来看
"
BAC009S0150W0107,"一三五六六七三零七一七
"
BAC009S0150W0340,"读卖新闻也说选定标志的奥运组委会责任重大
"
BAC009S0150W0374,"组委会强调照片是市场部的人在网络上搜索时发现
"
BAC009S0150W0226,"而且这种约束一定要非常严厉
"
BAC009S0150W0480,"袭击并咬伤了其主人
"
BAC009S0150W0014,"百盛(天山店A楼)
"
BAC009S0150W0101,"一三七四零零五二二四六
"
BAC009S0150W0203,"创造更多的残疾人就业机会等
"
BAC009S0150W0415,"周杰伦与好友健身肌肉发达网友会举发福了
"
BAC009S0150W0305,"汽车公司不得不重新考虑大城市未来的交通问题
"
BAC009S0150W0417,"搜狐娱乐讯今天上午
"
BAC009S0150W0296,"三星的新工厂位于首尔南部的平泽市
"
BAC009S0150W0011,"尚街Loft时尚生活园区
"
BAC009S0150W0387,"一些人依旧斥责佐野应该被设计界永远封杀
"
BAC009S0150W0200,"因此直接派发目前只能作为一种转移支付的辅助形式
"
BAC009S0150W0004,"设定三十二度
"
BAC009S0150W0496,"当地四家相关职能管理部门已组成联合调查组
"
BAC009S0150W0341,"并指出围绕东京奥运
"
BAC009S0150W0133,"有一个重要指标就是它的经常性账户顺逆差
"
BAC009S0150W0445,"送去医院抢救无效死亡
"
BAC009S0150W0039,"想听歌曲等你等了那么久
"
BAC009S0150W0046,"想听歌曲去大理
"
BAC009S0150W0366,"会徽展示例案由组委会的市场部负责提供
"
BAC009S0150W0036,"来一首歌曲幸运符号
"
BAC009S0150W0244,"还是要看整个督察结束后的报告情况
"
BAC009S0150W0151,"但他们的数量还足以支撑那时的房价吗
"
BAC009S0150W0250,"但已有多个地方明确表态
"
BAC009S0150W0342,"已发生新国立赛场建设图纸修订的重大失态
"
BAC009S0150W0017,"崇明岛
"
BAC009S0150W0094,"一三一五零八八一八零七
"
BAC009S0150W0360,"要求组委会撤回这个会徽
"
BAC009S0150W0376,"我们还在调查详细的经纬
"
BAC009S0150W0422,"手臂肌肉十分发达
"
BAC009S0150W0316,"究竟采取电动还是混合动力
"
BAC009S0150W0447,"为新手量身定制大疆推精灵三标准版不到五千元
"
BAC009S0150W0237,"接近住建部的人士透露
"
BAC009S0150W0227,"比如创业板退市制度
"
BAC009S0150W0124,"用居民部门储蓄上一年利息支出
"
BAC009S0150W0117,"精武飞鸿
"
BAC009S0150W0025,"外滩名店
"
BAC009S0150W0150,"零零后会成为购房主力
"
BAC009S0150W0491,"强行将尸体摆放于酒吧内
"
BAC009S0150W0092,"一三三零七八零七零五零
"
BAC009S0150W0121,"其中有两个是内因的指标
"
BAC009S0150W0002,"设定三十度
"
BAC009S0150W0410,"看到老婆肚皮在动
"
BAC009S0150W0313,"硅谷的技术公司并未重塑汽车制造方式
"
BAC009S0150W0322,"奔驰F零十五的设计灵感
"
BAC009S0150W0469,"主人为防宠物狗走失花上千元为其装G P S定位仪
"
BAC009S0150W0277,"苹果表配apple pay
"
BAC009S0150W0345,"东京新闻也是重视东京奥运丑闻何时终结
"
BAC009S0150W0097,"一三五六八九四四二五七
"
BAC009S0150W0395,"市政府接受了很多民众发来的抗议信
"
BAC009S0150W0272,"市场低迷情况显而易见
"
BAC009S0150W0068,"想听歌曲hold不住的爱
"
BAC009S0150W0457,"四十六岁的国企出纳员张伟在任职的四年时间里
"
BAC009S0150W0468,"民警及时到场进行劝解一事表示感谢
"
BAC009S0150W0485,"有网友曝光一段视频显示
"
BAC009S0150W0162,"一九九零年后出生的人口急剧减少
"
BAC009S0150W0301,"新工厂将提供至少十五万个就业机会
"
BAC009S0150W0146,"万科得出结论住宅行业未来十年总体来看是安全的
"
BAC009S0150W0082,"一三四七三八二幺三六八 
"
BAC009S0150W0437,"为了实现二十年前对青梅竹马女孩的承诺
"
BAC009S0150W0167,"我们以往成功所依赖的天空或已斗转星移
"
BAC009S0150W0040,"想听歌曲又见高原红
"
BAC009S0150W0359,"很快被指出与比利时列日剧场的L O G O十分相似
"
BAC009S0150W0394,"很可能是从我的作品派生出来的
"
BAC009S0150W0026,"绍兴饭店
"
BAC009S0150W0276,"韩国三星电子计划最早于二零一五年最晚二零一六年
"
BAC009S0150W0084,﻿一三一零八三七三幺四八
BAC009S0150W0379,"也代表组委会首次为盗用照片一事公开谢罪
"
BAC009S0150W0213,"县间大教育投入领导小组
"
BAC009S0150W0022,"渔具水族馆
"
BAC009S0150W0396,"网络上不仅是对佐野进行激烈批判
"
BAC009S0150W0044,"想听歌曲父亲
"
BAC009S0150W0013,"星巴克咖啡(虹桥西航二店)
"
BAC009S0150W0148,"需求将可能难以支撑房价
"
BAC009S0150W0062,"想听歌曲不再联系
"
BAC009S0150W0255,"米思特理就是在该校获得了设计硕士学位
"
BAC009S0150W0183,"自住需求成为支撑楼市的主要动力
"
BAC009S0150W0256,"T E C H W E B报道十二月五日消息
"
BAC009S0150W0145,"最近三年这个指标呈现向下趋势
"
BAC009S0150W0222,"在中国银河证券首席总裁顾问左小蕾看来
"
BAC009S0150W0131,"有一些经济体并不是因为本身的原因导致的下跌
"
BAC009S0150W0330,"以雷诺日产联盟为例
"
BAC009S0150W0069,"想听歌曲如果没有你
"
BAC009S0150W0003,"设定三十一度
"
BAC009S0150W0072,"想听歌曲逆战
"
BAC009S0150W0289,"苹果表配A P P L E P A Y
"
BAC009S0150W0384,"一点专业精神和职业道德都没有
"
BAC009S0150W0152,"中国房地产市场的泡沫会破灭吗
"
BAC009S0150W0307,"汽车与道路基础设施V二X之间的信息共享
"
BAC009S0150W0325,"而非制造一辆更好的汽车
"
BAC009S0150W0170,"自住需求成为支撑楼市的主要动力
"
BAC009S0150W0171,"已经成为当前房地产市场的接盘侠
"
BAC009S0150W0234,"进一步推动政策措施落实
"
BAC009S0150W0472,"主人抱着猴子吸引游客拍照事后立马收费十元
"
BAC009S0150W0161,"观察中国新增人口曲线会发现
"
BAC009S0150W0125,"有个倍数有一个临界值
"
BAC009S0150W0153,"万科等大型房企已在布局应对
"
BAC009S0150W0067,"想听歌曲魔法城堡
"
BAC009S0150W0176,"会发现一九九零年后出生的人口急剧减少
"
BAC009S0150W0436,"攒够钱了买钻戒向你求婚
"
BAC009S0150W0302,"相当于平泽市人口数量的三分之一
"
BAC009S0150W0411,"就好像看到一个地球在动一样
"
BAC009S0150W0371,"也盗用了外国人在个人博客中公开的两张照片
"
BAC009S0150W0367,"当中的一张轮廓奥运会徽展示例案中
"
BAC009S0150W0168,"万科在二零一四年年报中如此感叹
"
BAC009S0150W0033,"O P A（淮海店）
"
BAC009S0150W0433,"这三栋楼每栋楼前都有一个垃圾箱
"
BAC009S0150W0030,"杭州大厦购物城超市
"
BAC009S0150W0209,"加大对中小企业的扶持力度
"
BAC009S0150W0229,"眼下这种唱好就都唱好
"
BAC009S0150W0029,"龙耀滨江广场
"
BAC009S0150W0211,"什么是财政转移支付
"
BAC009S0150W0270,"三星认为没必要继续持有自身不使用的资产
"
BAC009S0150W0348,"设计师佐野声称考虑到公司和家人安宁
"
BAC009S0150W0047,"想听歌曲致青春
"
BAC009S0150W0333,"每一家汽车公司在高谈阔论自动驾驶的未来时
"
BAC009S0150W0252,"在督察消息发布的当天
"
BAC009S0150W0368,"组委会相关人士致电这位所有者
"
BAC009S0150W0406,"来源时光网近日
"
BAC009S0150W0434,"物业人员把这三个垃圾箱给撤走了
"
BAC009S0150W0284,"看来三星的S A M S U N G P A Y虽未能抢占先机
"
BAC009S0150W0225,"左小蕾进一步表示就是要把约束机制对称化
"
BAC009S0150W0471,"而是在追踪走失的宠物狗
"
BAC009S0150W0474,"武侯祠附近有人抱着猴子吸引游客拍照
"
BAC009S0150W0298,"韩国当地媒体报道称
"
BAC009S0150W0139,"远远超过一点五倍安全边际
"
BAC009S0150W0295,"推动该公司利润增长
"
BAC009S0150W0267,"三星在日本的知名度并不及现在
"
BAC009S0150W0336,"他在一份关于汽车电子发展的预测报告中还提到
"
BAC009S0150W0407,"影片预计于二零一六底上映
"
BAC009S0150W0470,"两辆私家车用手机对讲着
"
BAC009S0150W0221,"这样的新股发行改革够不上体制改革
"
BAC009S0150W0204,"更大范围内的行业补助也是转移支付的主要形式
"
BAC009S0150W0261,"三星办事处已迁至他地
"
BAC009S0150W0020,"西堤牛排(新梅广场店)
"
BAC009S0150W0477,"主人硬塞猴子给游客收费拍照
"
BAC009S0150W0050,"想听歌曲Call Me Maybe
"
BAC009S0150W0235,"抑制投机投资性需求
"
BAC009S0150W0338,"尽快决定新标志恢复信赖
"
BAC009S0150W0181,"九零后购房人口基数锐减
"
BAC009S0150W0208,"国家重点扶植行业
"
BAC009S0150W0223,"新股发行其实不用有什么增量的东西
"
BAC009S0150W0210,"国家重点扶持和鼓励的创业
"
BAC009S0150W0459,"但他并未如愿获得高收益
"
BAC009S0150W0389,"日本电视台的报道指出
"
BAC009S0150W0048,"想听歌曲Let It Go
"
BAC009S0150W0253,"那就是印度人才席卷科技界的热潮
"
BAC009S0150W0381,"进一步引爆了日本网络的轰炮轰
"
BAC009S0150W0246,"虽然督察多是进行指导与督促
"
BAC009S0150W0232,"专家指出预待形是房地产调控中长期机制
"
BAC009S0150W0191,"从政策实施的难易程度上来说
"
BAC009S0150W0132,"而是因为其他国家尤其是周边国家房价下跌而受到冲击
"
BAC009S0150W0343,"这次再发生涉嫌标志剽窃丑闻
"
BAC009S0150W0108,"一三七零零九七二七一四
"
BAC009S0150W0478,"几个外地人靠小猴子卖萌挣钱
"
BAC009S0150W0071,"想听歌曲Because Of You
"
BAC009S0150W0157,"过去三十年中国经济的高速发展
"
BAC009S0150W0220,"即高发行价高市盈率高超募
"
BAC009S0150W0179,"人口净流出的城市远远大于人口净流入的城市
"
BAC009S0150W0460,"为补上挪用公款造成的亏空
"
BAC009S0150W0280,"和苹果的apple pay相似
"
BAC009S0150W0430,"随着老婆肚子越来越大外界推估预产期在九月
"
BAC009S0150W0008,"老洋房花园饭店
"
BAC009S0150W0421,"戴着金链子和墨镜
"
BAC009S0150W0465,"现在孩子的情绪稳定多了
"
BAC009S0150W0397,"也开始了对清水市长的诽谤中伤
"
BAC009S0150W0321,"电动车只是解决方案中的一种
"
BAC009S0150W0269,"对提高三星在日本的知名度和品牌号召力作出了贡献
"
BAC009S0150W0399,"市政府进行了舆论调查
"
BAC009S0150W0412,"被问到现在教育小孩最害怕的事情
"
BAC009S0150W0300,"但也会根据市场需求将部分产能用于生产移动处理器
"
BAC009S0150W0486,"司机还动手掀游客帽子
"
BAC009S0150W0042,"想听歌曲爱不可及
"
BAC009S0150W0275,"还向通信公司销售基站设备和提供维护等服务
"
BAC009S0150W0484,"丽江一导游因未购物与游客发生争执被销证
"
BAC009S0150W0076,"想听歌曲稳稳的幸福
"
BAC009S0150W0024,"瑞福园茂名店
"
BAC009S0150W0257,"创六年来晋升人数新低
"
BAC009S0150W0115,"精武陈真
"
BAC009S0150W0315,"纠结于汽车该使用哪一种清洁能源
"
BAC009S0150W0155,"万达净利润的三分之二要来自租凭收入
"
BAC009S0150W0310,"也没办法迅速缓解城市化的难题
"
BAC009S0150W0452,"他在一小区车库临时停车超过半小时
"
BAC009S0150W0317,"还有他们对汽车工业的痴迷和情感
"
BAC009S0150W0055,"想听歌曲闯码头D J版
"
BAC009S0150W0287,"依旧是根本停不下来
"
BAC009S0150W0212,"国家扶持的行业
"
BAC009S0150W0356,"同时强调他们是与国际奥委会基于法律协商至今
"
BAC009S0150W0095,"一三九二五八零零四五七
"
BAC009S0150W0154,"从今年开始万达就要全面退出住宅销售市场
"
BAC009S0150W0365,"在本月一日召开记者会正式宣布停止使用这个会徽
"
BAC009S0150W0291,"新款的三星表将标配S A M S U N G P A Y
"
BAC009S0150W0405,"其冲击奥斯卡影帝的信心却没有发生变化
"
BAC009S0150W0420,"他身穿黑色T恤
"
BAC009S0150W0080,"想听歌曲兄弟抱一下
"
BAC009S0150W0403,"今后可能会出现佐野的作品被雪崩式撤回的局面
"
BAC009S0150W0297,"其并未具体指明新生产线将会生产何种产品
"
BAC009S0150W0015,"上海市第一食品商店
"
BAC009S0150W0122,"就是根据经济体自身情况决定房价上涨或者下跌
"
BAC009S0150W0337,"自动驾驶汽车的实现
"
BAC009S0150W0268,"当时这幢大楼同三星公司推出的热门手机产品
"
BAC009S0150W0314,"而是从本质上改变乘坐和驾驶的体验
"
BAC009S0150W0238,"此次督查重点检查住房限购措施执行情况
"
BAC009S0150W0278,"三星又怎么能停下追随的脚步
"
BAC009S0150W0377,"查明原由后会公布于众
"
BAC009S0150W0090,"一三三六九四五二四四七
"
BAC009S0150W0186,"购房者主要集中在二十五到三十五岁之间
"
BAC009S0150W0281,"今年三月三星公布了S A M S U N G P A Y方案
"
BAC009S0150W0432,"大家出小区很不方便
"
BAC009S0150W0463,"为超生儿争出生证当事人起诉后遭计生部门施压
"
BAC009S0150W0012,"潍坊路小游园
"
BAC009S0150W0163,"这正是三点三零新政后
"
BAC009S0150W0461,"张伟又以修改支票等方式
"
BAC009S0150W0424,"偶尔外出上健身房
"
BAC009S0150W0354,"向奥组委申请撤回设计的标志
"
BAC009S0150W0197,"我们现在还没有建立覆盖全民的征信系统
"
BAC009S0150W0198,"现在的收入及税收记录和个人信息也不完全挂钩
"
BAC009S0150W0487,"记者二十八日从丽江市旅发委获悉
"
BAC009S0150W0052,"想听歌曲你是我今生的依靠
"
BAC009S0150W0010,"孔家花园
"
BAC009S0150W0380,"东京奥运组委会正式承认盗用他人照片后
"
BAC009S0150W0245,"再次释放坚决执行房地产调控信号
"
BAC009S0150W0429,"昆凌H A N N A H怀了小baby
"
BAC009S0150W0476,"讲述自己在旅游过程中遇到的囧事
"
BAC009S0150W0035,"舒友海鲜大酒楼(上海静安店)
"
BAC009S0150W0293,"这座工厂耗费一百四十四亿美元建设
"
BAC009S0150W0392,"也伴随着费用和时间将会增多的问题
"
BAC009S0150W0075,"想听歌曲M A P S
"
BAC009S0150W0166,"后两者是人口尤其是年轻人口净流入的城市
"
BAC009S0150W0182,"投资需求已经逐渐减弱
"
BAC009S0150W0138,"而中国目前实际是十一倍
"
BAC009S0150W0021,"三叶眼镜城
"
BAC009S0150W0431,"物业公司把西门给锁死了
"
BAC009S0150W0304,"同时却也制造出更多拥堵
"
BAC009S0150W0467,"就三天前儿子小勇化名挥刀剁掉自己的小拇指
"
BAC009S0150W0456,"为给女儿买房国企出纳挪用四千万炒股获刑十七年
"
BAC009S0150W0027,"世纪公园(三号门)
"
BAC009S0150W0113,"精神病医师赫夫
"
BAC009S0150W0102,"一三零七三七零五三二一
"
BAC009S0150W0331,"这家公司宣布以二零一六年作为第一阶段的起点
"
BAC009S0150W0173,"土地红利与人口红利向来密不可分
"
BAC009S0150W0483,"涉事员工现已逃跑寮步警方已立案追逃
"
BAC009S0150W0319,"我们觉得只关注汽车自身的问题
"
BAC009S0150W0016,"盛源生活广场
"
BAC009S0150W0184,"而自住需求与人们的年龄段有密切的相关性
"
BAC009S0150W0005,"调高温度
"
BAC009S0150W0475,"拍了照后才说要给钱
"
BAC009S0150W0160,"﻿已经成为当前房地产市场的接盘侠
"
BAC009S0150W0230,"这样的市场制度非常不好
"
BAC009S0150W0357,"老任来源人民网国际屏道相关新闻
"
BAC009S0150W0109,"一三九九六三六五二三九
"
BAC009S0150W0201,"在局部地区小范围试点实施
"
BAC009S0150W0402,"该动植物园目前正在就此事进行调查
"
BAC009S0150W0119,"精武家庭
"
BAC009S0150W0382,"很多人不满道这届组委会就应该彻底解散
"
BAC009S0150W0408,"透露即将为人父的心情
"
BAC009S0150W0398,"在如此巨大的压力下
"
BAC009S0150W0499,"C Z F
"
BAC009S0150W0085,"﻿一三五一五零八二一九二
"
BAC009S0150W0294,"有助于三星在智能机利润萎缩的情况下
"
BAC009S0150W0202,"还有一种方式就是针对某一群体或行业进行补助
"
BAC009S0150W0194,"受助者可以根据自身需要自主决定如何改善生活水平
"
BAC009S0150W0058,"想听歌曲我的歌声里
"
BAC009S0150W0288,"其他失去自我的模仿又何曾获得成功
"
BAC009S0150W0149,"与中原集团从人口结构角度出发的研究结果相似
"
BAC009S0150W0049,"想听歌曲老男孩
"
BAC009S0150W0364,"组委会终于无法顶住巨大的舆论压力
"
BAC009S0150W0073,"想听歌曲爱你一生
"
BAC009S0150W0260,"交易额预计达到数百亿日元
"
BAC009S0150W0473,"成都武侯祠大街几个外地人靠小猴子卖萌挣钱
"
BAC009S0150W0098,"一三七八八九九四零四九
"
BAC009S0150W0259,"T E C H W E B报道三月三十日消息
"
BAC009S0150W0285,"却是卯足了劲要干一票大的
"
BAC009S0150W0248,"预计后期地方试探调控底线的动作会减少
"
BAC009S0150W0041,"想听歌曲剑心
"
BAC009S0150W0106,"一三三三四二九三七三五
"
BAC009S0150W0104,"一三四四零八五九四七九
"
BAC009S0150W0352,"八月该剧场向比利时法庭起诉国际奥委会
"
BAC009S0150W0438,"卓阳一男子拉着一车硬币到一家珠宝店内买钻戒
"
BAC009S0150W0031,"I T(番愚路店)
"
BAC009S0150W0391,"最大限度地反映国民的意见
"
BAC009S0150W0236,"巩固房地产市场调控成果
"
BAC009S0150W0187,"之前刚刚对居民派发了现金返还
"
BAC009S0150W0242,"国务院督察组将督促进行整改
"
BAC009S0150W0390,"组委会意在提高新会徽选拔的透明性
"
BAC009S0150W0388,"而且会注重听取日本民众的意见
"
BAC009S0150W0327,"被当做科幻小说的桥段来对待
"
BAC009S0150W0312,"但在汽车业和技术行业交汇的路口
"
BAC009S0150W0455,"赔了两千元医药费
"
BAC009S0150W0217,"再度聚焦新股发行改革
"
BAC009S0150W0083,"一三八零八五五三三幺六
"
BAC009S0150W0266,"二零零三年六本木T C U B E大楼建成时
"
BAC009S0150W0177,"正是当前房地产市场的购房主力之一
"
BAC009S0150W0363,"在记者会结束后的四个小时内
"
BAC009S0150W0215,"市场内外对此高度关注
"
BAC009S0150W0418,"周杰伦的官方微博晒出了一张他的近照
"
BAC009S0150W0286,"屡被指控抄袭苹果设备的三星
"
BAC009S0150W0448,"为病孙筹款铁汉子奶奶日挑万斤水泥赚钱
"
BAC009S0150W0355,"他说明现在我们很有危机感
"
BAC009S0150W0454,"为这两块钱与保安发生纠纷
"
BAC009S0150W0479,"主人遭自家藏獒袭击报警击毙称平时忠心耿耿
"
BAC009S0150W0038,"想听歌曲我的滑板鞋
"
BAC009S0150W0243,"对于是否会出台新政
"
BAC009S0150W0061,"想听歌曲卷珠帘
"
BAC009S0150W0144,"但是相对处于好的位置
"
BAC009S0150W0435,"为实现二十年前承诺男子攒三百斤硬币买钻戒求婚
"
BAC009S0150W0372,"但迄今未能联络到这两张照片的所有者
"
BAC009S0150W0383,"这届东京奥运还未开幕就已经在世界臭名远扬
"
BAC009S0150W0156,"土地红利与人口红利向来密不可分
"
BAC009S0150W0093,"一三六二八零六六九三零
"
BAC009S0150W0458,"将四千万余元公款挪用购买股票
"
BAC009S0150W0086,"一三八五八二三一七四三
"
BAC009S0150W0416,"娱乐频道
"
BAC009S0150W0087,"一三零六四三六五八四五
"
BAC009S0150W0428,"亚洲天王周杰伦周董四月在脸书公开宣布
"
BAC009S0150W0070,"想听歌曲金玉良缘
"
BAC009S0150W0032,"东方商厦(嘉定店)
"
BAC009S0150W0425,"搜狐娱乐讯早前
"
BAC009S0150W0279,"新款的三星表将标配S A M S U N G P A Y
"
BAC009S0150W0299,"三星计划在新工厂生产D R A M内存芯片
"
BAC009S0150W0303,"有十一个欧洲国家的交通比美国更加拥堵
"
BAC009S0150W0358,"东京奥运组委会公开了由佐野研二郎设计的会徽
"
BAC009S0150W0249,"虽然此次督察行程刚刚过半
"
BAC009S0150W0442,"信息时报讯记者陈子至前晚八时许
"
BAC009S0150W0165,"而深圳厦门房价快速上涨的原因
"
BAC009S0150W0339,"每日新闻说奥运组委会对标志风波的责任重大
"
BAC009S0150W0404,"不过对于大名鼎鼎的男主角菜昂纳多迪卡普里奥来说
"
BAC009S0150W0273,"日本I D C统计显示
"
BAC009S0150W0375,"并非此前外界所传言的那样由佐野本人制作
"
BAC009S0150W0488,"涉事旅行社被罚款五万元并停业整顿一个月
"
BAC009S0150W0495,"针对有媒体报道丽江古城部分酒吧存在酒托现象
"
BAC009S0150W0233,"国务院派出八个督察组
"
BAC009S0150W0207,"未来可以考虑加大力度实行类似的措施
"
BAC009S0150W0158,"观察三十年来的新增人口曲线
"
BAC009S0150W0054,"想听歌曲风月
"
BAC009S0150W0088,"一三八八九零七九七零二
"
BAC009S0150W0079,"想听歌曲荷塘月色
"
BAC009S0150W0193,"那么直接发放现金会是最有效的方式
"
BAC009S0150W0308,"越来越多的汽车公司开始思考大城市的未来该如何规划
"
BAC009S0150W0263,"这幢大楼的所有权已被证券化
"
BAC009S0150W0143,"这个指标没有上一个指标那么好
"
BAC009S0150W0130,"百分之六十是安全临界点
"
BAC009S0150W0439,"珠宝店服务员用一天时间清点硬币
"
BAC009S0150W0063,"想听歌曲一辈子的爱
"
BAC009S0150W0099,"一三九五一五八三五九三
"
BAC009S0150W0453,"出库时被收取两块钱停车费
"
BAC009S0150W0481,"仙桃市龙华山派出所民警沉着冷静地将藏獒一枪击毙
"
BAC009S0150W0324,"这一切都是为了解决城市化问题
"
BAC009S0150W0216,"凤凰网推出凤凰资本论
"
BAC009S0150W0247,"但是仍会对地方形成更大的威慑作用
"
BAC009S0150W0385,"不相信这群人运营的东京奥运可以举办成功
"
BAC009S0150W0274,"为了重整智能手机业务
"
BAC009S0150W0051,"想听歌曲又见山里红
"
BAC009S0150W0462,"将三百七十万公款据为己有
"
BAC009S0150W0159,"自住需求成为支撑楼市的主要动力
"
BAC009S0150W0164,"很多二三四线城市仍未能回暖
"
BAC009S0150W0081,"想听歌曲爱情路
"
BAC009S0150W0019,"东北饺子王
"
BAC009S0150W0409,"他笑说自己完全没准备好
"
BAC009S0150W0112,"精灵守护者
"
BAC009S0150W0127,"越高越安全第二个指标
"
BAC009S0150W0347,"能不能恢复日本信赖就看现在
"
BAC009S0150W0111,"精灵守护人
"
BAC009S0150W0142,"新房名义市值对居民最大购买力
"
BAC009S0150W0353,"设计师佐野声称考虑到公司和家人安宁
"
BAC009S0150W0120,"精武门
"
BAC009S0150W0175,"观察三十年来的新增人口曲线
"
BAC009S0150W0492,"扬言在酒吧内设灵堂
"
BAC009S0150W0450,"为省两块钱赔两千元男子拒交停车费殴打保安
"
BAC009S0150W0126,"一点五倍以上是安全的
"
BAC009S0150W0147,"基本不会发生房价断崖式下跌泡沫破灭但十年后
"
BAC009S0150W0045,"想听歌曲自由自在
"
BAC009S0150W0265,"其余由三井不动产等持有
"
BAC009S0150W0169,"十年后的需求还能继续支撑房价吗
"
BAC009S0150W0401,"于是太田市不得不决定中止使用这个logo
"
BAC009S0150W0443,"南沙区东涌镇祥和路六号发生一起血案
"
BAC009S0150W0134,"所有因外部冲击导致房价泡沫破灭的经济体
"
BAC009S0150W0361,"说明了此前征选会徽的具体方法和过程
"
BAC009S0150W0057,"想听歌曲小鸡小鸡
"
BAC009S0150W0096,"一三一二零八二零二九七
"
BAC009S0150W0231,"最后再去搞场外市场
"
BAC009S0150W0066,"想听歌曲海阔天空
"
BAC009S0150W0118,"精武魂
"
BAC009S0150W0490,"丽江一男子猝死酒吧家属强行在酒吧内设灵堂
"
BAC009S0150W0077,"想听歌曲唱着情歌流着泪
"
BAC009S0150W0018,"孔乙己酒家
"
BAC009S0150W0064,"想听歌曲有一个地方
"
BAC009S0150W0219,"存量发行有帮大股东解套的嫌疑
"
BAC009S0150W0323,"就来自美国国防高级项目的无人驾驶汽车城市挑战赛
"
BAC009S0150W0091,"一三二五三二六三六四七
"
BAC009S0150W0174,"过去三十年中国经济的高速发展
"
BAC009S0150W0362,"澄清佐野研二郎设计的会徽没有抄袭他人的作品
"
BAC009S0150W0065,"想听歌曲时间煮雨
"
BAC009S0150W0264,"信托受益权的百分之五十七归三星所有
"
BAC009S0150W0239,"差别化住房信贷政策执行情况
"
BAC009S0150W0007,"九井日本料理
"
BAC009S0150W0078,"想听歌曲时间都去哪儿了
"
BAC009S0150W0060,"想听歌曲我们好像在哪见过
"
BAC009S0150W0446,"为挽救父亲称女童失踪奶奶因报假警被拘
"
BAC009S0150W0326,"火鸟I I概念车使用全自动驾驶及高速巡航模式
"
BAC009S0150W0464,"为阻止父母吵架鲁莽小伙自断手指
"
BAC009S0150W0373,"所以暂时不公开具体的内容
"
BAC009S0150W0346,"维持透明运行比什么都必须
"
BAC009S0150W0123,"这两个内因指标一个叫做居民部门利息保障倍数
"
BAC009S0150W0292,"三星电子计划在今年下半年
"
BAC009S0150W0306,"通用汽车计划在未来实现汽车与汽车之间V二V
"
BAC009S0150W0218,"多位专家就存量发行创业板退市等话题畅所欲言
"
BAC009S0150W0043,"想听歌曲爸爸去哪儿
"
BAC009S0150W0427,"搜狐娱乐讯据台湾媒体报道
"
BAC009S0150W0334,"都宣称自己的企业将最终赢得这场竞赛
"
BAC009S0150W0028,"上海嘉定南翔寺
"
BAC009S0150W0056,"想听歌曲给我一个理由忘记
"
BAC009S0150W0262,"两家公司已在事实上就交易达成协议
"
BAC009S0150W0370,"组委会也查实另外的会徽展示例案
"
BAC009S0150W0449,"六十四岁吴幼文一天挑水泥九小时
"
BAC009S0150W0192,"如果信息足够公开完备
"
BAC009S0150W0444,"一名重庆籍女子在出租屋内被丈夫砍伤
"
